Test Name,Success Rate,false +,false -
combined_train_test.p,0.52048853174392,10640,7381
r_train_so_test.p,0.5053483050396466,39,18551
so_train_r_test.p,0.5587515299877601,8013,8570
so_alone.p,0.5020488531743921,8405,952
reddit_alone.p,0.6034153359907541,3762,13052
