Test Name,Success Rate,false +,false -
combined_train_test.p,0.5177744664999202,7439,10684
r_train_so_test.p,0.5161779575328616,11061,7122
so_train_r_test.p,0.5128252887020381,6466,11843
so_alone.p,0.5256771858868607,3128,5785
reddit_alone.p,0.5161450102601599,9701,10813
