Test Name,Success Rate,false +,false -
combined_train_test.p,0.49964864864864866,18512,1
r_train_so_test.p,0.4921351351351351,0,18791
so_train_r_test.p,0.4921351351351351,0,18791
so_alone.p,0.5006666666666667,8988,0
reddit_alone.p,0.5071428571428571,20069,631
