Test Name,Success Rate,false +,false -
combined_train_test.p,0.5018918918918919,1187,17243
r_train_so_test.p,0.4921351351351351,0,18791
so_train_r_test.p,0.4921351351351351,0,18791
so_alone.p,0.5466666666666666,6554,1606
reddit_alone.p,0.5025238095238095,353,20541
