Test Name,Success Rate,false +,false -
combined_train_test.p,0.5056486486486487,17989,302
r_train_so_test.p,0.4921351351351351,0,18791
so_train_r_test.p,0.4921351351351351,0,18791
so_alone.p,0.5266666666666666,7973,547
reddit_alone.p,0.5020714285714286,125,20788
