Test Name,Success Rate,false +,false -
combined_train_test.p,0.5081081081081081,17732,468
r_train_so_test.p,0.4921351351351351,0,18791
so_train_r_test.p,0.4921351351351351,0,18791
so_alone.p,0.5022777777777778,385,8574
reddit_alone.p,0.5030476190476191,419,20453
