Test Name,Success Rate,false +,false -
combined_train_test.p,0.5045945945945945,14327,4003
r_train_so_test.p,0.4921351351351351,0,18791
so_train_r_test.p,0.4767027027027027,6829,12533
so_alone.p,0.49933333333333335,0,9012
reddit_alone.p,0.5063809523809524,20164,568
