Test Name,Success Rate,false +,false -
combined_train_test.p,0.4986216216216216,2391,16160
r_train_so_test.p,0.4921351351351351,0,18791
so_train_r_test.p,0.4921351351351351,0,18791
so_alone.p,0.49783333333333335,7460,1579
reddit_alone.p,0.5023571428571428,702,20199
