Test Name,Success Rate,false +,false -
combined_train_test.p,0.49848648648648647,213,18343
r_train_so_test.p,0.49227027027027026,2978,15808
so_train_r_test.p,0.5006486486486487,1477,16999
so_alone.p,0.5423888888888889,6487,1750
reddit_alone.p,0.5204047619047619,4599,15544
